flask_id	flask_type	flask_size	solution_type	content
1	Erlenmeyer	250mL	A	0E0g of H2O, 1E-7M of H+, 1E-7M of OH-, 1E0M of A; V=100 mL, T=298.15K
2	Erlenmeyer	250mL	A	0E0g of H2O, 1E-7M of H+, 1E-7M of OH-, 1E0M of A; V=100 mL, T=298.15K
3	Erlenmeyer	250mL	B	0E0g of H2O, 1E-7M of H+, 1E-7M of OH-, 1E0M of B; V=100 mL, T=298.15K	
4	Erlenmeyer	250mL	C	0E0g of H2O, 1E-7M of H+, 1E-7M of OH-, 1E0M of C; V=100 mL, T=298.15K
5	Erlenmeyer	250mL	D	0E0g of H2O, 1E-7M of H+, 1E-7M of OH-, 1E0M of D, 2.59E-20M of B, 2.59E-20M of A; V=100 mL, T=298.15K
6	Beaker	600mL	empty	empty
7	Erlenmeyer	250mL	A	0E0g of H2O, 1E-7M of H+, 1E-7M of OH-, 1E0M of A; V=100 mL, T=298.15K
8	Erlenmeyer	250mL	C	0E0g of H2O, 1E-7M of H+, 1E-7M of OH-, 1E0M of C; V=100 mL, T=298.15K
9	Beaker	600mL	empty	empty
10	Erlenmeyer	250mL	B	0E0g of H2O, 1E-7M of H+, 1E-7M of OH-, 1E0M of B; V=100 mL, T=298.15K	
11	Erlenmeyer	250mL	D	0E0g of H2O, 1E-7M of H+, 1E-7M of OH-, 1E0M of D, 2.59E-20M of B, 2.59E-20M of A; V=100 mL, T=298.15K
